CustomerID,Total_Sales,Total_Quantity,Frequency,Cluster,Segment
C10002,1470.03,3,1,0,Low Value
C10054,153.48,2,1,1,Medium Value
C10126,1349.8,2,1,1,Medium Value
C10154,1303.04,4,1,0,Low Value
C10211,635.9000000000001,5,1,0,Low Value
C10222,204.08,1,1,1,Medium Value
C10477,466.42,1,1,1,Medium Value
C10642,922.74,2,1,1,Medium Value
C10787,1099.28,4,1,0,Low Value
C10791,355.09,1,1,1,Medium Value
C10866,789.5699999999999,3,1,1,Medium Value
C10892,754.94,2,1,1,Medium Value
C11127,1306.65,5,1,0,Low Value
C11210,454.6,5,1,0,Low Value
C11415,2876.2,5,1,0,Low Value
C11473,146.82,2,1,1,Medium Value
C11644,46.66,1,1,1,Medium Value
C11657,264.4,4,1,1,Medium Value
C11665,337.38,3,1,1,Medium Value
C11676,929.0,2,1,1,Medium Value
C11829,279.14,2,1,1,Medium Value
C11849,476.5,2,1,1,Medium Value
C11893,1582.0,5,1,0,Low Value
C11906,1237.59,3,1,0,Low Value
C11921,452.7,1,1,1,Medium Value
C11940,448.02,3,1,1,Medium Value
C11985,30.44,1,1,1,Medium Value
C11998,1495.98,3,1,0,Low Value
C12039,132.68,1,1,1,Medium Value
C12245,815.58,2,1,1,Medium Value
C12301,531.74,1,1,1,Medium Value
C12388,2683.6,5,1,0,Low Value
C12408,161.54,2,1,1,Medium Value
C12421,93.02,1,1,1,Medium Value
C12444,230.88,3,1,1,Medium Value
C12459,284.16,2,1,1,Medium Value
C12472,252.93,3,1,1,Medium Value
C12479,124.1,5,1,0,Low Value
C12487,1427.07,3,1,0,Low Value
C12607,281.52,1,1,1,Medium Value
C12609,547.32,4,1,0,Low Value
C12667,223.3,1,1,1,Medium Value
C12740,644.75,5,1,0,Low Value
C12813,1462.7,5,1,0,Low Value
C12818,191.04,3,1,1,Medium Value
C13100,1177.64,4,1,0,Low Value
C13108,3293.85,5,1,0,Low Value
C13169,536.07,1,1,1,Medium Value
C13186,889.68,2,1,1,Medium Value
C13205,2107.1,5,1,0,Low Value
C13296,108.82,2,1,1,Medium Value
C13324,1199.48,2,1,1,Medium Value
C13366,2714.2,4,1,0,Low Value
C13501,427.6,5,1,0,Low Value
C13525,212.79,3,1,1,Medium Value
C13540,1239.64,4,1,0,Low Value
C13877,3384.9,5,1,0,Low Value
C13923,118.8,1,1,1,Medium Value
C14005,80.46,2,1,1,Medium Value
C14017,1248.32,2,1,1,Medium Value
C14080,283.69,1,1,1,Medium Value
C14114,1704.06,3,1,0,Low Value
C14240,491.11,1,1,1,Medium Value
C14427,533.9,2,1,1,Medium Value
C14455,164.85,3,1,1,Medium Value
C14457,395.4,5,1,0,Low Value
C14552,1120.0,5,1,0,Low Value
C14553,440.1899999999999,3,1,1,Medium Value
C14568,885.32,4,1,0,Low Value
C14576,2156.8,4,1,0,Low Value
C14600,441.8,2,1,1,Medium Value
C14683,1069.34,2,1,1,Medium Value
C14737,581.64,4,1,0,Low Value
C14837,183.18,1,1,1,Medium Value
C14847,1097.81,5,2,2,High Value
C14891,1654.96,4,1,0,Low Value
C14983,17.24,1,1,1,Medium Value
C15017,675.57,1,1,1,Medium Value
C15063,426.1,5,1,0,Low Value
C15146,190.55,5,1,0,Low Value
C15228,1422.42,3,1,0,Low Value
C15257,580.2,4,1,0,Low Value
C15283,381.02,1,1,1,Medium Value
C15624,3097.6,5,1,0,Low Value
C15629,912.4499999999999,3,1,1,Medium Value
C15681,2161.64,4,1,0,Low Value
C15849,525.43,1,1,1,Medium Value
C15924,245.89,1,1,1,Medium Value
C16012,630.82,1,1,1,Medium Value
C16253,399.4,2,1,1,Medium Value
C16400,628.4399999999999,3,1,1,Medium Value
C16429,679.65,1,1,1,Medium Value
C16612,600.54,1,1,1,Medium Value
C16675,857.4,4,1,0,Low Value
C16693,949.72,4,1,0,Low Value
C16702,1390.17,3,1,0,Low Value
C16758,188.31,3,1,1,Medium Value
C16775,3353.75,5,1,0,Low Value
C16776,320.0,2,1,1,Medium Value
C16790,258.96,4,1,1,Medium Value
C17075,1259.04,4,1,0,Low Value
C17103,1278.36,3,1,0,Low Value
C17132,386.03,1,1,1,Medium Value
C17136,641.96,4,1,0,Low Value
C17181,2276.65,5,1,0,Low Value
C17269,1733.8,4,1,0,Low Value
C17302,359.99,1,1,1,Medium Value
C17388,317.25,1,1,1,Medium Value
C17389,522.08,1,1,1,Medium Value
C17470,461.9,2,1,1,Medium Value
C17551,518.39,1,1,1,Medium Value
C17591,479.76,1,1,1,Medium Value
C17921,1210.6,4,1,0,Low Value
C17966,185.74,2,1,1,Medium Value
C18037,140.68,2,1,1,Medium Value
C18076,1766.22,3,1,0,Low Value
C18104,635.9000000000001,5,1,0,Low Value
C18105,2332.08,4,1,0,Low Value
C18138,1618.38,3,1,0,Low Value
C18167,887.84,4,1,0,Low Value
C18169,929.84,2,1,1,Medium Value
C18187,605.28,1,1,1,Medium Value
C18353,1299.99,3,1,0,Low Value
C18404,3370.2,5,1,0,Low Value
C18473,840.58,2,1,1,Medium Value
C18567,365.84,4,1,1,Medium Value
C18583,1822.1,5,1,0,Low Value
C18717,2793.15,5,1,0,Low Value
C18724,616.1,1,1,1,Medium Value
C18820,2573.0,5,1,0,Low Value
C18826,1443.3,3,1,0,Low Value
C18944,1575.2,4,1,0,Low Value
C18984,1767.9,3,1,0,Low Value
C19071,1352.94,3,1,0,Low Value
C19266,442.17,3,1,1,Medium Value
C19368,646.44,2,1,1,Medium Value
C19384,351.16,4,1,1,Medium Value
C19402,1204.68,4,1,0,Low Value
C19439,440.34,1,1,1,Medium Value
C19451,2357.76,4,1,0,Low Value
C19648,2673.44,4,1,0,Low Value
C19722,596.24,1,1,1,Medium Value
C19742,332.09,1,1,1,Medium Value
C19759,1176.6,2,1,1,Medium Value
C19937,438.34,1,1,1,Medium Value
C20077,2372.88,4,1,0,Low Value
C20095,1325.06,2,1,1,Medium Value
C20124,177.46,2,1,1,Medium Value
C20212,1834.35,3,1,0,Low Value
C20256,1616.22,3,1,0,Low Value
C20257,1343.9,5,1,0,Low Value
C20286,571.9,1,1,1,Medium Value
C20338,370.85,1,1,1,Medium Value
C20357,2077.32,3,1,0,Low Value
C20448,296.44,2,1,1,Medium Value
C20512,2763.12,4,1,0,Low Value
C20624,479.56,1,1,1,Medium Value
C20643,2011.96,4,1,0,Low Value
C20670,935.82,2,1,1,Medium Value
C20731,1777.76,4,1,0,Low Value
C20752,572.13,1,1,1,Medium Value
C20817,3078.35,5,1,0,Low Value
C20861,2441.75,5,1,0,Low Value
C20881,1288.1,2,1,1,Medium Value
C20977,1740.48,4,1,0,Low Value
C21043,694.5,1,1,1,Medium Value
C21126,107.04,1,1,1,Medium Value
C21147,335.1,1,1,1,Medium Value
C21167,2235.6,4,1,0,Low Value
C21181,1350.2,2,1,1,Medium Value
C21191,647.77,3,2,2,High Value
C21227,590.87,1,1,1,Medium Value
C21437,222.73,1,1,1,Medium Value
C21665,1700.72,4,1,0,Low Value
C21905,298.06,1,1,1,Medium Value
C21944,297.75,5,1,0,Low Value
C21953,250.46,2,1,1,Medium Value
C22101,265.2,2,1,1,Medium Value
C22123,672.89,1,1,1,Medium Value
C22167,2178.3,5,1,0,Low Value
C22429,604.8,4,1,0,Low Value
C22534,529.19,1,1,1,Medium Value
C22657,1901.91,3,1,0,Low Value
C22783,2771.64,4,1,0,Low Value
C22919,195.86,1,1,1,Medium Value
C22981,472.2,3,1,1,Medium Value
C22991,252.68,1,1,1,Medium Value
C23279,87.34,2,1,1,Medium Value
C23334,331.06,1,1,1,Medium Value
C23405,2780.4,4,1,0,Low Value
C23555,1633.44,4,1,0,Low Value
C23637,553.56,1,1,1,Medium Value
C23899,1358.45,5,1,0,Low Value
C23917,127.55,1,1,1,Medium Value
C23947,120.98,1,1,1,Medium Value
C23978,576.35,1,1,1,Medium Value
C24047,937.8,4,1,0,Low Value
C24212,322.08,3,1,1,Medium Value
C24301,1284.08,2,1,1,Medium Value
C24347,646.9,2,1,1,Medium Value
C24369,1079.19,3,1,1,Medium Value
C24751,2506.3,5,1,0,Low Value
C24765,719.72,2,1,1,Medium Value
C24769,57.1,2,1,1,Medium Value
C24884,260.26,1,1,1,Medium Value
C24901,299.7,3,1,1,Medium Value
C25110,126.42,2,1,1,Medium Value
C25123,629.21,1,1,1,Medium Value
C25149,1054.48,4,1,0,Low Value
C25162,688.36,2,1,1,Medium Value
C25268,665.11,1,1,1,Medium Value
C25276,3313.9,5,1,0,Low Value
C25316,79.06,2,1,1,Medium Value
C25382,454.35,5,1,0,Low Value
C25406,161.24,1,1,1,Medium Value
C25445,658.5,5,1,0,Low Value
C25503,211.14,2,1,1,Medium Value
C25534,984.2,5,1,0,Low Value
C25580,1563.36,4,1,0,Low Value
C25587,48.4,4,1,1,Medium Value
C25783,1253.4,5,1,0,Low Value
C25841,904.6500000000001,3,1,1,Medium Value
C25918,666.9499999999999,5,1,0,Low Value
C25967,1709.8,5,1,0,Low Value
C26118,144.78,2,1,1,Medium Value
C26137,856.18,2,1,1,Medium Value
C26152,972.7,2,1,1,Medium Value
C26163,625.1,5,1,0,Low Value
C26188,618.68,1,1,1,Medium Value
C26210,1334.25,3,1,0,Low Value
C26223,657.07,1,1,1,Medium Value
C26340,369.2,2,1,1,Medium Value
C26364,1314.24,4,1,0,Low Value
C26445,1500.24,3,1,0,Low Value
C26637,869.8000000000001,5,1,0,Low Value
C26718,1052.36,4,1,0,Low Value
C26767,303.6,1,1,1,Medium Value
C26817,268.56,2,1,1,Medium Value
C26966,1872.9,5,1,0,Low Value
C27070,2612.52,4,1,0,Low Value
C27072,463.11,3,1,1,Medium Value
C27078,1181.9,5,1,0,Low Value
C27202,3267.35,5,1,0,Low Value
C27203,1040.85,5,1,0,Low Value
C27305,1390.58,2,1,1,Medium Value
C27401,1619.73,3,1,0,Low Value
C27430,474.25,5,1,0,Low Value
C27435,2104.9,5,1,0,Low Value
C27438,70.32,1,1,1,Medium Value
C27613,2462.6,4,1,0,Low Value
C27898,2513.55,5,1,0,Low Value
C28049,1293.38,2,1,1,Medium Value
C28152,1714.59,3,1,0,Low Value
C28386,277.09,1,1,1,Medium Value
C28406,23.53,1,1,1,Medium Value
C28552,29.86,2,1,1,Medium Value
C28648,1895.44,4,1,0,Low Value
C28712,303.32,2,1,1,Medium Value
C28740,1670.97,3,1,0,Low Value
C28828,395.88,3,1,1,Medium Value
C28889,258.87,3,1,1,Medium Value
C28893,620.21,1,1,1,Medium Value
C28976,1067.62,2,1,1,Medium Value
C29041,1768.68,3,1,0,Low Value
C29059,1503.9,3,1,0,Low Value
C29063,478.75,5,1,0,Low Value
C29072,687.98,2,1,1,Medium Value
C29092,60.04,4,1,1,Medium Value
C29314,788.6,2,1,1,Medium Value
C29318,24.48,1,1,1,Medium Value
C29405,448.74,2,1,1,Medium Value
C29416,150.17,1,1,1,Medium Value
C29432,1406.22,3,1,0,Low Value
C29467,191.76,1,1,1,Medium Value
C29483,1222.88,4,1,0,Low Value
C29568,194.44,4,1,1,Medium Value
C29620,460.13,1,1,1,Medium Value
C29685,1923.45,5,1,0,Low Value
C29697,401.82,1,1,1,Medium Value
C29701,61.62,3,1,1,Medium Value
C29703,2790.0,4,1,0,Low Value
C29758,798.64,2,1,1,Medium Value
C29844,877.24,2,1,1,Medium Value
C29885,568.3199999999999,3,1,1,Medium Value
C29905,1067.9,2,1,1,Medium Value
C29914,133.39,1,1,1,Medium Value
C29931,612.36,4,1,0,Low Value
C30010,382.23,3,1,1,Medium Value
C30168,933.99,3,1,1,Medium Value
C30184,427.06,1,1,1,Medium Value
C30334,267.1,2,1,1,Medium Value
C30411,2551.16,4,1,0,Low Value
C30477,201.58,1,1,1,Medium Value
C30513,586.44,1,1,1,Medium Value
C30643,918.8700000000001,3,1,1,Medium Value
C30686,1614.32,4,1,0,Low Value
C30711,278.66,1,1,1,Medium Value
C30722,1333.9,5,1,0,Low Value
C30923,654.27,1,1,1,Medium Value
C30955,167.6,4,1,1,Medium Value
C31072,916.4,4,1,0,Low Value
C31105,583.99,1,1,1,Medium Value
C31371,507.36,2,1,1,Medium Value
C31412,2042.32,4,1,0,Low Value
C31501,1764.15,3,1,0,Low Value
C31668,569.35,5,1,0,Low Value
C31761,2600.16,4,1,0,Low Value
C31764,655.09,1,1,1,Medium Value
C31772,693.41,1,1,1,Medium Value
C31810,178.44,1,1,1,Medium Value
C31946,2037.52,4,1,0,Low Value
C32011,628.89,1,1,1,Medium Value
C32029,701.44,4,1,0,Low Value
C32121,795.24,4,1,0,Low Value
C32183,1985.67,3,1,0,Low Value
C32347,249.81,1,1,1,Medium Value
C32570,11.39,1,1,1,Medium Value
C32580,1874.95,5,1,0,Low Value
C32650,1210.52,2,1,1,Medium Value
C32687,852.44,2,1,1,Medium Value
C32798,993.24,2,1,1,Medium Value
C32854,65.45,1,1,1,Medium Value
C32943,824.28,2,1,1,Medium Value
C32956,2715.8,5,1,0,Low Value
C32960,2223.8,5,1,0,Low Value
C33051,883.08,2,1,1,Medium Value
C33099,241.9,5,1,0,Low Value
C33110,1584.42,3,1,0,Low Value
C33220,1852.16,4,1,0,Low Value
C33260,1270.59,3,1,0,Low Value
C33313,1738.65,3,1,0,Low Value
C33315,1687.65,3,1,0,Low Value
C33540,273.19,1,1,1,Medium Value
C33634,2355.4,4,1,0,Low Value
C33729,1978.71,3,1,0,Low Value
C33744,2307.48,4,1,0,Low Value
C33802,604.87,1,1,1,Medium Value
C34134,254.12,1,1,1,Medium Value
C34266,2519.52,4,1,0,Low Value
C34337,950.5500000000001,5,1,0,Low Value
C34416,99.24,2,1,1,Medium Value
C34555,372.8,1,1,1,Medium Value
C34686,68.39,1,1,1,Medium Value
C35043,132.15,5,1,0,Low Value
C35091,211.14,1,1,1,Medium Value
C35100,639.82,2,1,1,Medium Value
C35117,1395.86,2,1,1,Medium Value
C35123,1546.92,4,1,0,Low Value
C35136,634.94,1,1,1,Medium Value
C35168,1199.72,2,1,1,Medium Value
C35355,1327.6,4,1,0,Low Value
C35377,3119.05,5,1,0,Low Value
C35397,331.55,5,1,0,Low Value
C35483,671.0999999999999,3,1,1,Medium Value
C35566,258.76,4,1,1,Medium Value
C35628,1660.71,3,1,0,Low Value
C35669,2894.15,5,1,0,Low Value
C35711,1308.48,4,1,0,Low Value
C35785,427.82,1,1,1,Medium Value
C35852,1248.39,7,2,2,High Value
C35854,939.85,5,1,0,Low Value
C35983,3137.15,5,1,0,Low Value
C35987,3267.3,5,1,0,Low Value
C36014,869.94,2,1,1,Medium Value
C36137,717.24,3,1,1,Medium Value
C36150,1069.82,2,1,1,Medium Value
C36174,926.94,3,1,1,Medium Value
C36383,2107.2,5,1,0,Low Value
C36408,3075.5,5,1,0,Low Value
C36467,75.78,1,1,1,Medium Value
C36492,45.94,1,1,1,Medium Value
C36497,86.3,2,1,1,Medium Value
C36534,1963.62,3,1,0,Low Value
C36540,728.32,4,1,0,Low Value
C36613,1894.92,3,1,0,Low Value
C36688,305.17,1,1,1,Medium Value
C36725,3253.6,5,1,0,Low Value
C36778,388.33,1,1,1,Medium Value
C36813,1842.45,3,1,0,Low Value
C36825,877.52,2,1,1,Medium Value
C36938,761.9399999999999,3,1,1,Medium Value
C36992,671.37,3,1,1,Medium Value
C36997,745.64,4,1,0,Low Value
C37032,847.76,2,1,1,Medium Value
C37235,151.04,4,1,1,Medium Value
C37249,491.72,2,1,1,Medium Value
C37375,1036.46,2,1,1,Medium Value
C37412,432.47,1,1,1,Medium Value
C37454,1303.35,3,1,0,Low Value
C37455,2380.05,5,1,0,Low Value
C37531,1349.3,5,1,0,Low Value
C37594,1361.2,4,1,0,Low Value
C37969,362.46,3,1,1,Medium Value
C38024,546.86,2,1,1,Medium Value
C38065,1178.55,3,1,0,Low Value
C38068,1302.65,5,1,0,Low Value
C38126,2060.76,4,1,0,Low Value
C38134,419.88,2,1,1,Medium Value
C38262,155.27,1,1,1,Medium Value
C38557,1915.5,3,1,0,Low Value
C38642,1046.0,5,1,0,Low Value
C38669,405.28,4,1,1,Medium Value
C38785,361.0,2,1,1,Medium Value
C38840,5723.23,9,2,2,High Value
C38845,532.89,1,1,1,Medium Value
C38928,1671.56,4,1,0,Low Value
C38966,2021.95,5,1,0,Low Value
C39000,287.46,1,1,1,Medium Value
C39017,994.3799999999999,3,1,1,Medium Value
C39074,3032.6,5,1,0,Low Value
C39106,546.19,1,1,1,Medium Value
C39130,226.55,5,1,0,Low Value
C39176,1737.68,4,1,0,Low Value
C39246,931.4,5,1,0,Low Value
C39256,417.1,1,1,1,Medium Value
C39260,427.66,2,1,1,Medium Value
C39416,473.96,1,1,1,Medium Value
C39530,1704.15,3,1,0,Low Value
C39550,558.27,1,1,1,Medium Value
C39551,76.93,1,1,1,Medium Value
C39593,2078.13,3,1,0,Low Value
C39638,2161.32,4,1,0,Low Value
C39639,65.95,1,1,1,Medium Value
C39648,465.33,1,1,1,Medium Value
C39664,946.25,5,1,0,Low Value
C39671,217.56,1,1,1,Medium Value
C39791,597.06,2,1,1,Medium Value
C39906,75.01,1,1,1,Medium Value
C39911,2073.6,4,1,0,Low Value
C40136,1039.56,3,1,1,Medium Value
C40140,363.2,5,1,0,Low Value
C40201,185.82,2,1,1,Medium Value
C40304,479.36,4,1,0,Low Value
C40427,613.98,1,1,1,Medium Value
C40466,541.64,1,1,1,Medium Value
C40538,423.64,2,1,1,Medium Value
C40648,603.76,2,1,1,Medium Value
C40771,697.96,4,1,0,Low Value
C40798,1081.98,3,1,1,Medium Value
C40863,489.39,3,1,1,Medium Value
C40882,868.52,4,1,0,Low Value
C40949,1105.26,2,1,1,Medium Value
C40967,287.25,5,1,0,Low Value
C41132,381.61,1,1,1,Medium Value
C41137,1347.39,3,1,0,Low Value
C41284,737.92,4,1,0,Low Value
C41320,1709.52,3,1,0,Low Value
C41331,1203.05,5,1,0,Low Value
C41460,747.75,5,1,0,Low Value
C41478,2138.28,4,1,0,Low Value
C41508,429.96,4,1,1,Medium Value
C41598,1472.76,3,1,0,Low Value
C41709,712.7,2,1,1,Medium Value
C41903,160.8,3,1,1,Medium Value
C41974,2099.79,3,1,0,Low Value
C42108,641.36,2,1,1,Medium Value
C42235,1193.44,4,1,0,Low Value
C42270,482.98,2,1,1,Medium Value
C42306,612.8100000000001,3,1,1,Medium Value
C42365,214.08,1,1,1,Medium Value
C42372,1093.0,4,1,0,Low Value
C42451,665.05,5,1,0,Low Value
C42577,399.98,1,1,1,Medium Value
C42949,660.66,1,1,1,Medium Value
C43124,2773.44,4,1,0,Low Value
C43212,2200.56,4,1,0,Low Value
C43249,1391.43,3,1,0,Low Value
C43330,580.47,3,1,1,Medium Value
C43335,548.24,2,1,1,Medium Value
C43338,1435.95,3,1,0,Low Value
C43443,3129.85,5,1,0,Low Value
C43524,2621.3,5,1,0,Low Value
C43538,1290.18,3,1,0,Low Value
C43545,1876.25,5,1,0,Low Value
C43546,485.91,3,1,1,Medium Value
C43595,2807.4,5,1,0,Low Value
C43721,131.61,1,1,1,Medium Value
C43842,1303.14,2,1,1,Medium Value
C43867,524.06,1,1,1,Medium Value
C43911,1674.84,4,1,0,Low Value
C43919,1804.8,3,1,0,Low Value
C43965,359.92,2,1,1,Medium Value
C44148,1505.72,4,1,0,Low Value
C44176,77.64,1,1,1,Medium Value
C44267,853.4,2,1,1,Medium Value
C44277,458.63,1,1,1,Medium Value
C44366,776.44,2,1,1,Medium Value
C44492,277.05,5,1,0,Low Value
C44619,475.11,3,1,1,Medium Value
C44674,627.34,1,1,1,Medium Value
C44733,87.06,1,1,1,Medium Value
C44778,153.0,1,1,1,Medium Value
C45104,687.89,1,1,1,Medium Value
C45175,70.82,1,1,1,Medium Value
C45187,420.65,5,1,0,Low Value
C45482,198.2,2,1,1,Medium Value
C45599,2379.75,5,1,0,Low Value
C45671,1314.96,2,1,1,Medium Value
C45862,176.1,1,1,1,Medium Value
C45899,1285.96,2,1,1,Medium Value
C46015,1812.3,5,1,0,Low Value
C46210,1286.64,3,1,0,Low Value
C46316,930.36,2,1,1,Medium Value
C46504,745.84,2,1,1,Medium Value
C46509,1174.98,2,1,1,Medium Value
C46557,237.18,2,1,1,Medium Value
C46651,1360.8899999999999,5,2,2,High Value
C46873,1965.16,4,1,0,Low Value
C46877,210.7,1,1,1,Medium Value
C46886,1849.17,3,1,0,Low Value
C46920,1362.12,2,1,1,Medium Value
C46967,1026.84,2,1,1,Medium Value
C47022,500.97,3,1,1,Medium Value
C47086,609.16,4,1,0,Low Value
C47283,263.96,1,1,1,Medium Value
C47284,893.01,3,1,1,Medium Value
C47307,1202.86,2,1,1,Medium Value
C47365,82.0,2,1,1,Medium Value
C47486,320.92,1,1,1,Medium Value
C47761,1165.4,4,1,0,Low Value
C47778,3334.0,5,1,0,Low Value
C47823,956.72,2,1,1,Medium Value
C48120,280.25,1,1,1,Medium Value
C48176,1736.92,4,1,0,Low Value
C48207,833.62,2,1,1,Medium Value
C48453,3194.0,5,1,0,Low Value
C48510,1042.8,2,1,1,Medium Value
C48531,30.54,1,1,1,Medium Value
C48577,1640.84,4,1,0,Low Value
C48601,414.47,1,1,1,Medium Value
C48646,1159.1,5,1,0,Low Value
C48649,204.36,3,1,1,Medium Value
C48713,159.8,5,1,0,Low Value
C48790,107.7,5,1,0,Low Value
C48846,904.1,2,1,1,Medium Value
C48939,2147.25,5,1,0,Low Value
C48942,2654.68,4,1,0,Low Value
C48946,309.85,5,1,0,Low Value
C48965,299.35,1,1,1,Medium Value
C49009,537.4,5,1,0,Low Value
C49111,1510.17,3,1,0,Low Value
C49137,598.46,2,1,1,Medium Value
C49187,535.5,1,1,1,Medium Value
C49198,1940.37,3,1,0,Low Value
C49282,253.7,5,1,0,Low Value
C49491,114.7,5,1,0,Low Value
C49517,594.96,1,1,1,Medium Value
C49605,457.82,2,1,1,Medium Value
C49710,1637.12,4,1,0,Low Value
C49720,391.83,3,1,1,Medium Value
C49726,17.98,1,1,1,Medium Value
C49831,1474.29,3,1,0,Low Value
C49838,1105.66,2,1,1,Medium Value
C49938,62.12,1,1,1,Medium Value
C49995,984.44,4,1,0,Low Value
C50087,366.33,3,1,1,Medium Value
C50097,2339.05,5,1,0,Low Value
C50114,98.16,2,1,1,Medium Value
C50121,583.18,1,1,1,Medium Value
C50137,59.19,3,1,1,Medium Value
C50159,667.02,3,1,1,Medium Value
C50211,53.0,2,1,1,Medium Value
C50236,2463.32,4,1,0,Low Value
C50274,1528.26,3,1,0,Low Value
C50275,269.65,5,1,0,Low Value
C50304,930.3,2,1,1,Medium Value
C50415,2830.35,5,1,0,Low Value
C50422,1129.16,2,1,1,Medium Value
C50565,411.34,1,1,1,Medium Value
C50612,226.64,4,1,1,Medium Value
C50682,501.96,2,1,1,Medium Value
C50683,576.42,2,1,1,Medium Value
C50732,590.04,4,1,0,Low Value
C50967,364.8,2,1,1,Medium Value
C51024,489.8,1,1,1,Medium Value
C51145,2403.24,4,1,0,Low Value
C51157,1778.61,3,1,0,Low Value
C51404,378.12,2,1,1,Medium Value
C51481,1244.2,5,1,0,Low Value
C51494,977.74,2,1,1,Medium Value
C51694,1361.7,2,1,1,Medium Value
C51811,1335.36,3,1,0,Low Value
C51898,898.44,4,1,0,Low Value
C51921,1318.59,3,1,0,Low Value
C52184,162.77,1,1,1,Medium Value
C52313,836.52,2,1,1,Medium Value
C52342,369.15,5,1,0,Low Value
C52604,506.5,5,1,0,Low Value
C52717,2756.35,5,1,0,Low Value
C52751,1055.72,4,1,0,Low Value
C52879,3194.6,5,1,0,Low Value
C52914,839.96,4,1,0,Low Value
C52915,657.08,2,1,1,Medium Value
C53049,1126.12,2,1,1,Medium Value
C53070,2048.24,4,1,0,Low Value
C53215,265.38,1,1,1,Medium Value
C53252,570.32,4,1,0,Low Value
C53277,1595.16,3,1,0,Low Value
C53334,1496.04,3,1,0,Low Value
C53464,3299.25,5,1,0,Low Value
C53488,410.52,3,1,1,Medium Value
C53501,249.57,1,1,1,Medium Value
C53545,1084.17,3,1,1,Medium Value
C53627,1527.45,5,1,0,Low Value
C53631,595.89,3,1,1,Medium Value
C53645,1450.59,3,1,0,Low Value
C53697,827.36,4,1,0,Low Value
C53810,2358.28,4,1,0,Low Value
C54160,1010.13,3,1,1,Medium Value
C54277,519.16,2,1,1,Medium Value
C54298,1437.63,3,1,0,Low Value
C54390,580.74,3,1,1,Medium Value
C54409,1018.17,3,1,1,Medium Value
C54494,352.92,2,1,1,Medium Value
C54499,668.48,1,1,1,Medium Value
C54595,121.96,1,1,1,Medium Value
C54675,1291.7,2,1,1,Medium Value
C54725,289.32,2,1,1,Medium Value
C54759,109.29,1,1,1,Medium Value
C54829,312.55,5,1,0,Low Value
C54886,355.15,1,1,1,Medium Value
C55164,1979.64,3,1,0,Low Value
C55205,793.4,4,1,0,Low Value
C55286,2873.95,5,1,0,Low Value
C55354,684.22,2,1,1,Medium Value
C55388,1213.86,3,1,0,Low Value
C55454,677.48,1,1,1,Medium Value
C55464,601.36,1,1,1,Medium Value
C55590,625.51,1,1,1,Medium Value
C55606,1102.0,4,1,0,Low Value
C55632,2158.45,5,1,0,Low Value
C55636,1702.4,4,1,0,Low Value
C55757,922.26,2,1,1,Medium Value
C55778,551.9,5,1,0,Low Value
C55819,1268.75,5,1,0,Low Value
C55996,2543.45,5,1,0,Low Value
C56266,640.88,4,1,0,Low Value
C56506,773.52,3,1,1,Medium Value
C56553,212.43,3,1,1,Medium Value
C56564,507.48,2,1,1,Medium Value
C56622,1095.34,2,1,1,Medium Value
C56722,110.35,5,1,0,Low Value
C56796,678.38,1,1,1,Medium Value
C56851,958.15,5,1,0,Low Value
C56928,1435.0,4,1,0,Low Value
C56938,1117.8,3,1,0,Low Value
C56969,193.0,3,2,2,High Value
C57093,553.41,3,1,1,Medium Value
C57276,3456.4,5,1,0,Low Value
C57502,2242.32,4,1,0,Low Value
C57601,294.6,4,1,1,Medium Value
C57798,2308.32,4,1,0,Low Value
C57861,915.48,3,1,1,Medium Value
C57867,1543.68,4,1,0,Low Value
C58063,987.26,2,1,1,Medium Value
C58108,2517.36,4,1,0,Low Value
C58156,95.1,1,1,1,Medium Value
C58168,754.4399999999999,3,1,1,Medium Value
C58341,639.83,1,1,1,Medium Value
C58410,645.46,1,1,1,Medium Value
C58443,848.64,2,1,1,Medium Value
C58503,1402.6,5,1,0,Low Value
C58638,1531.52,4,1,0,Low Value
C58721,617.58,3,1,1,Medium Value
C58773,2567.45,5,1,0,Low Value
C58808,539.66,2,1,1,Medium Value
C58858,674.64,2,1,1,Medium Value
C59139,458.35,5,1,0,Low Value
C59169,2517.36,4,1,0,Low Value
C59183,3322.55,5,1,0,Low Value
C59278,2360.05,5,1,0,Low Value
C59337,1068.86,2,1,1,Medium Value
C59338,2070.9,3,1,0,Low Value
C59441,2092.65,5,1,0,Low Value
C59554,912.08,2,1,1,Medium Value
C59572,542.07,1,1,1,Medium Value
C59579,897.7,2,1,1,Medium Value
C59685,788.32,2,1,1,Medium Value
C59724,819.5,2,1,1,Medium Value
C59752,1538.8,5,1,0,Low Value
C59774,72.6,1,1,1,Medium Value
C59823,640.28,4,1,0,Low Value
C60029,1524.36,3,1,0,Low Value
C60037,1054.92,2,1,1,Medium Value
C60042,1761.24,4,1,0,Low Value
C60178,1023.45,3,1,1,Medium Value
C60190,1898.76,4,1,0,Low Value
C60203,583.7,2,1,1,Medium Value
C60215,334.4,4,1,1,Medium Value
C60329,2476.75,5,1,0,Low Value
C60355,1000.58,2,1,1,Medium Value
C60361,1948.1,5,1,0,Low Value
C60384,1484.28,4,1,0,Low Value
C60547,257.0,1,1,1,Medium Value
C60572,1497.63,3,1,0,Low Value
C60575,1959.3,5,1,0,Low Value
C60672,423.4,1,1,1,Medium Value
C60699,1235.85,3,1,0,Low Value
C61070,951.56,2,1,1,Medium Value
C61090,2062.36,4,1,0,Low Value
C61162,721.0,4,1,0,Low Value
C61225,1300.5,2,1,1,Medium Value
C61257,507.34,2,1,1,Medium Value
C61280,1472.22,3,1,0,Low Value
C61384,802.3499999999999,3,1,1,Medium Value
C61440,583.9,1,1,1,Medium Value
C61521,690.02,2,1,1,Medium Value
C61549,1286.04,4,1,0,Low Value
C61618,488.8,4,1,0,Low Value
C61668,139.28,2,1,1,Medium Value
C61773,981.12,4,1,0,Low Value
C61849,2311.28,4,1,0,Low Value
C61943,985.8,2,1,1,Medium Value
C61957,483.38,1,1,1,Medium Value
C62042,1539.9,5,1,0,Low Value
C62070,176.58,1,1,1,Medium Value
C62169,184.15,1,1,1,Medium Value
C62277,309.88,4,1,1,Medium Value
C62312,52.54,1,1,1,Medium Value
C62405,460.72,2,1,1,Medium Value
C62512,275.22,3,1,1,Medium Value
C62557,1232.64,3,1,0,Low Value
C62622,562.61,1,1,1,Medium Value
C62627,41.09,1,1,1,Medium Value
C62656,873.72,4,1,0,Low Value
C62661,1147.11,3,1,0,Low Value
C62666,322.5,5,1,0,Low Value
C62740,424.4,1,1,1,Medium Value
C63018,38.49,1,1,1,Medium Value
C63150,410.91,3,1,1,Medium Value
C63153,2199.04,4,1,0,Low Value
C63365,1098.9,5,1,0,Low Value
C63372,2428.55,5,1,0,Low Value
C63378,512.39,1,1,1,Medium Value
C63619,1857.63,3,1,0,Low Value
C63657,1274.67,3,1,0,Low Value
C63727,724.28,2,1,1,Medium Value
C63822,507.56,4,1,0,Low Value
C63827,1974.92,4,1,0,Low Value
C64128,284.64,3,1,1,Medium Value
C64160,330.98,2,1,1,Medium Value
C64502,1600.05,5,1,0,Low Value
C64516,1517.37,3,1,0,Low Value
C64549,1006.1,5,1,0,Low Value
C64554,410.52,3,1,1,Medium Value
C64579,234.37,1,1,1,Medium Value
C64638,527.57,1,1,1,Medium Value
C64641,2119.65,5,1,0,Low Value
C64753,1050.08,4,1,0,Low Value
C64935,304.11,1,1,1,Medium Value
C65021,809.92,2,1,1,Medium Value
C65056,2129.96,4,1,0,Low Value
C65083,2631.16,4,1,0,Low Value
C65107,70.24,1,1,1,Medium Value
C65180,858.16,4,1,0,Low Value
C65251,1168.35,5,1,0,Low Value
C65414,595.42,2,1,1,Medium Value
C65497,163.32,1,1,1,Medium Value
C65524,1919.1,5,1,0,Low Value
C65565,402.15,3,1,1,Medium Value
C65744,582.04,1,1,1,Medium Value
C65799,2260.8,4,1,0,Low Value
C65890,1577.85,5,1,0,Low Value
C65905,950.4000000000001,5,1,0,Low Value
C65986,3352.4,5,1,0,Low Value
C66078,1101.12,4,1,0,Low Value
C66093,2595.64,4,1,0,Low Value
C66112,1866.8,4,1,0,Low Value
C66116,322.45,5,1,0,Low Value
C66149,1537.28,4,1,0,Low Value
C66196,796.9,2,1,1,Medium Value
C66254,515.32,1,1,1,Medium Value
C66332,1907.94,3,1,0,Low Value
C66349,565.85,1,1,1,Medium Value
C66438,90.27,1,1,1,Medium Value
C66462,1739.6,5,1,0,Low Value
C66521,1600.28,4,1,0,Low Value
C66567,79.02,2,1,1,Medium Value
C66840,2313.08,4,1,0,Low Value
C66906,518.64,2,1,1,Medium Value
C67195,2306.08,4,1,0,Low Value
C67260,3390.8,5,1,0,Low Value
C67387,1418.65,5,1,0,Low Value
C67528,1185.12,4,1,0,Low Value
C67533,26.95,1,1,1,Medium Value
C67551,1955.12,4,1,0,Low Value
C67561,1660.56,3,1,0,Low Value
C67583,338.31,1,1,1,Medium Value
C67604,279.38,2,1,1,Medium Value
C67687,868.6,2,1,1,Medium Value
C67818,442.39,1,1,1,Medium Value
C67870,1648.8,4,1,0,Low Value
C67932,514.98,3,1,1,Medium Value
C67936,1072.5,2,1,1,Medium Value
C68078,987.76,2,1,1,Medium Value
C68266,1960.89,3,1,0,Low Value
C68508,123.28,1,1,1,Medium Value
C68553,742.41,3,1,1,Medium Value
C68609,1330.32,3,1,0,Low Value
C68936,1662.75,3,1,0,Low Value
C68937,850.06,2,1,1,Medium Value
C68976,868.25,5,1,0,Low Value
C69009,2280.3,5,1,0,Low Value
C69021,1874.52,3,1,0,Low Value
C69149,1062.98,2,1,1,Medium Value
C69167,165.03,3,1,1,Medium Value
C69168,21.19,1,1,1,Medium Value
C69213,2579.84,4,1,0,Low Value
C69332,1695.75,3,1,0,Low Value
C69396,1808.25,3,1,0,Low Value
C69471,1448.24,4,1,0,Low Value
C69476,996.28,4,1,0,Low Value
C69542,422.54,1,1,1,Medium Value
C69994,2332.1,5,1,0,Low Value
C70010,1153.85,5,1,0,Low Value
C70148,2647.75,5,1,0,Low Value
C70246,476.22,3,1,1,Medium Value
C70315,2024.44,4,1,0,Low Value
C70352,626.6,1,1,1,Medium Value
C70412,2313.12,4,1,0,Low Value
C70426,672.64,2,1,1,Medium Value
C70437,2620.72,4,1,0,Low Value
C70452,1265.28,4,1,0,Low Value
C70492,1984.0,4,1,0,Low Value
C70495,114.14,2,1,1,Medium Value
C70506,454.23,1,1,1,Medium Value
C70529,105.92,1,1,1,Medium Value
C70554,418.35,3,1,1,Medium Value
C70566,2682.9,5,1,0,Low Value
C70613,2323.7,5,1,0,Low Value
C70633,367.34,2,1,1,Medium Value
C70659,1853.96,8,2,2,High Value
C70921,457.08,2,1,1,Medium Value
C70999,433.32,2,1,1,Medium Value
C71035,436.77,1,1,1,Medium Value
C71040,1739.4,4,1,0,Low Value
C71076,511.98,2,1,1,Medium Value
C71122,634.4,1,1,1,Medium Value
C71310,2922.3,5,1,0,Low Value
C71471,595.54,1,1,1,Medium Value
C71473,1709.2,5,1,0,Low Value
C71486,1407.96,3,1,0,Low Value
C71570,2137.92,4,1,0,Low Value
C71680,2270.28,4,1,0,Low Value
C71698,2446.85,5,1,0,Low Value
C71797,1857.16,4,1,0,Low Value
C71899,2004.99,3,1,0,Low Value
C72007,1298.55,3,1,0,Low Value
C72043,394.53,1,1,1,Medium Value
C72166,314.38,1,1,1,Medium Value
C72241,2709.48,4,1,0,Low Value
C72290,556.2,3,1,1,Medium Value
C72293,688.02,3,1,1,Medium Value
C72533,376.76,1,1,1,Medium Value
C72588,1574.7,5,1,0,Low Value
C72596,770.32,2,1,1,Medium Value
C72649,2853.1,5,1,0,Low Value
C72664,627.15,1,1,1,Medium Value
C72862,84.8,1,1,1,Medium Value
C73225,1100.36,2,1,1,Medium Value
C73289,1945.77,3,1,0,Low Value
C73370,44.35,1,1,1,Medium Value
C73514,1395.15,3,1,0,Low Value
C73575,3219.45,5,1,0,Low Value
C73587,1632.84,4,1,0,Low Value
C73629,265.64,1,1,1,Medium Value
C73813,445.2,4,1,1,Medium Value
C73873,661.38,2,1,1,Medium Value
C73893,1638.4,5,1,0,Low Value
C73941,1250.44,2,1,1,Medium Value
C73961,530.24,4,1,0,Low Value
C73996,287.64,2,1,1,Medium Value
C73999,375.76,2,1,1,Medium Value
C74003,1221.28,4,1,0,Low Value
C74005,2240.75,5,1,0,Low Value
C74138,196.94,2,1,1,Medium Value
C74169,310.93,1,1,1,Medium Value
C74359,1841.25,5,1,0,Low Value
C74499,744.46,2,1,1,Medium Value
C74519,945.81,3,1,1,Medium Value
C74562,220.77,1,1,1,Medium Value
C74866,1994.37,3,1,0,Low Value
C74928,612.48,2,1,1,Medium Value
C74982,2042.8,5,1,0,Low Value
C75018,2007.18,3,1,0,Low Value
C75439,344.43,3,1,1,Medium Value
C75456,276.66,3,1,1,Medium Value
C75619,742.58,2,1,1,Medium Value
C75739,302.7,2,1,1,Medium Value
C75888,1346.7,3,1,0,Low Value
C76140,826.4,4,1,0,Low Value
C76207,2606.25,5,1,0,Low Value
C76362,709.5,3,1,1,Medium Value
C76653,1539.4,4,1,0,Low Value
C76675,1991.79,3,1,0,Low Value
C76700,623.82,2,1,1,Medium Value
C76761,470.04,4,1,0,Low Value
C76766,2512.48,4,1,0,Low Value
C76929,356.81,1,1,1,Medium Value
C77046,741.64,4,1,0,Low Value
C77085,1050.32,4,1,0,Low Value
C77122,438.37,1,1,1,Medium Value
C77166,741.33,3,1,1,Medium Value
C77272,2492.4,5,1,0,Low Value
C77344,343.31,1,1,1,Medium Value
C77357,474.6,1,1,1,Medium Value
C77363,96.81,1,1,1,Medium Value
C77499,547.4399999999999,3,1,1,Medium Value
C77736,798.08,2,1,1,Medium Value
C77763,1508.31,3,1,0,Low Value
C77800,1378.02,3,1,0,Low Value
C77872,1027.18,2,1,1,Medium Value
C77961,1087.59,3,1,1,Medium Value
C78170,341.7,5,1,0,Low Value
C78305,1092.42,3,1,1,Medium Value
C78500,2512.35,5,1,0,Low Value
C78684,1765.32,3,1,0,Low Value
C78724,1266.39,3,1,0,Low Value
C78725,1880.36,4,1,0,Low Value
C78959,632.4,2,1,1,Medium Value
C79142,569.96,1,1,1,Medium Value
C79475,2542.95,5,1,0,Low Value
C79506,746.34,2,1,1,Medium Value
C79508,135.17,1,1,1,Medium Value
C79533,3008.6,5,1,0,Low Value
C79674,873.68,2,1,1,Medium Value
C79722,1382.2,5,1,0,Low Value
C79821,531.18,1,1,1,Medium Value
C79842,945.64,4,1,0,Low Value
C79909,137.62,2,1,1,Medium Value
C80004,2052.42,3,1,0,Low Value
C80135,1107.55,5,1,0,Low Value
C80151,1723.32,4,1,0,Low Value
C80183,365.57,1,1,1,Medium Value
C80223,2651.76,4,1,0,Low Value
C80416,1087.15,5,1,0,Low Value
C80649,312.11,1,1,1,Medium Value
C80651,1194.51,3,1,0,Low Value
C80735,130.14,2,1,1,Medium Value
C80868,1420.47,3,1,0,Low Value
C80872,1984.3,5,1,0,Low Value
C80987,132.05,1,1,1,Medium Value
C81074,157.72,1,1,1,Medium Value
C81192,1939.02,3,1,0,Low Value
C81319,1342.15,5,1,0,Low Value
C81366,410.6,1,1,1,Medium Value
C81370,2532.25,5,1,0,Low Value
C81547,510.52,2,1,1,Medium Value
C81573,36.65,1,1,1,Medium Value
C81726,2161.36,4,1,0,Low Value
C81728,2753.4,5,1,0,Low Value
C81840,2504.04,4,1,0,Low Value
C81857,1127.64,2,1,1,Medium Value
C81882,463.92,3,1,1,Medium Value
C82068,408.13,1,1,1,Medium Value
C82217,1717.48,4,1,0,Low Value
C82313,197.58,3,1,1,Medium Value
C82318,528.06,1,1,1,Medium Value
C82344,2028.63,3,1,0,Low Value
C82399,158.68,1,1,1,Medium Value
C82550,667.66,2,1,1,Medium Value
C82685,475.98,3,1,1,Medium Value
C82781,109.68,4,1,1,Medium Value
C82858,593.91,3,1,1,Medium Value
C82921,208.36,1,1,1,Medium Value
C82990,300.1,2,1,1,Medium Value
C83026,1686.9,5,1,0,Low Value
C83223,650.84,4,1,0,Low Value
C83492,664.42,1,1,1,Medium Value
C83548,144.25,1,1,1,Medium Value
C83556,1059.16,4,1,0,Low Value
C83653,925.04,4,1,0,Low Value
C83911,2799.52,4,1,0,Low Value
C84041,1001.6,2,1,1,Medium Value
C84115,1362.87,3,1,0,Low Value
C84134,2772.28,4,1,0,Low Value
C84320,208.95,3,1,1,Medium Value
C84329,431.44,1,1,1,Medium Value
C84331,3223.2,5,1,0,Low Value
C84480,2342.55,5,1,0,Low Value
C84524,2071.92,4,1,0,Low Value
C84563,472.66,2,1,1,Medium Value
C84570,120.2,4,1,1,Medium Value
C84630,2592.75,5,1,0,Low Value
C84645,822.98,2,1,1,Medium Value
C84700,1599.85,5,1,0,Low Value
C84766,688.04,2,1,1,Medium Value
C84834,409.02,3,1,1,Medium Value
C84888,51.73,1,1,1,Medium Value
C84908,420.26,1,1,1,Medium Value
C85018,824.25,3,1,1,Medium Value
C85059,987.4,4,1,0,Low Value
C85074,934.8,4,1,0,Low Value
C85282,3143.7,5,1,0,Low Value
C85322,813.06,3,1,1,Medium Value
C85330,1140.45,5,1,0,Low Value
C85421,1641.45,3,1,0,Low Value
C85466,441.87,3,1,1,Medium Value
C85520,1862.64,4,1,0,Low Value
C85841,2597.88,4,1,0,Low Value
C85863,397.4399999999999,3,1,1,Medium Value
C85929,440.73,3,1,1,Medium Value
C85993,2189.28,4,1,0,Low Value
C86064,834.1200000000001,3,1,1,Medium Value
C86266,1618.32,4,1,0,Low Value
C86374,1363.85,5,1,0,Low Value
C86408,84.28,4,1,1,Medium Value
C86481,171.59,1,1,1,Medium Value
C86524,732.46,2,1,1,Medium Value
C86762,2043.65,5,1,0,Low Value
C86773,789.44,4,1,0,Low Value
C86864,92.72,2,1,1,Medium Value
C87011,101.16,4,1,1,Medium Value
C87051,72.31,1,1,1,Medium Value
C87124,198.51,1,1,1,Medium Value
C87181,2619.16,4,1,0,Low Value
C87216,1580.35,5,1,0,Low Value
C87281,3243.25,5,1,0,Low Value
C87432,1208.2,4,1,0,Low Value
C87448,450.07,1,1,1,Medium Value
C87524,625.0,1,1,1,Medium Value
C87529,987.64,4,1,0,Low Value
C87547,380.12,4,1,1,Medium Value
C87687,1137.21,3,1,0,Low Value
C87764,206.82,2,1,1,Medium Value
C87777,816.64,2,1,1,Medium Value
C87994,2392.76,4,1,0,Low Value
C87995,1925.92,4,1,0,Low Value
C88029,3277.75,5,1,0,Low Value
C88036,1571.35,5,1,0,Low Value
C88075,2651.7,5,1,0,Low Value
C88174,18.2,1,1,1,Medium Value
C88205,3215.15,5,1,0,Low Value
C88304,768.28,2,1,1,Medium Value
C88348,604.47,3,1,1,Medium Value
C88370,279.9,2,1,1,Medium Value
C88371,1132.64,4,1,0,Low Value
C88463,2539.7,5,1,0,Low Value
C88546,813.84,4,1,0,Low Value
C88644,392.61,1,1,1,Medium Value
C88645,1751.16,3,1,0,Low Value
C88775,1989.05,5,1,0,Low Value
C88933,92.04,1,1,1,Medium Value
C88981,2445.04,4,1,0,Low Value
C89336,92.79,1,1,1,Medium Value
C89559,662.84,2,1,1,Medium Value
C89592,2547.9,5,1,0,Low Value
C89674,1151.66,2,1,1,Medium Value
C89732,406.22,1,1,1,Medium Value
C89822,410.78,1,1,1,Medium Value
C89979,3170.0,5,1,0,Low Value
C90110,418.36,1,1,1,Medium Value
C90132,1304.65,5,1,0,Low Value
C90142,334.39,1,1,1,Medium Value
C90292,1105.28,4,1,0,Low Value
C90310,762.56,4,1,0,Low Value
C90318,1259.12,2,1,1,Medium Value
C90348,899.0,4,1,0,Low Value
C90350,367.34,2,1,1,Medium Value
C90363,3044.55,5,1,0,Low Value
C90431,844.68,2,1,1,Medium Value
C90573,438.93,1,1,1,Medium Value
C90595,391.45,5,1,0,Low Value
C90612,1103.25,3,1,1,Medium Value
C90757,1979.36,4,1,0,Low Value
C90852,1725.03,3,1,0,Low Value
C90898,1491.95,5,1,0,Low Value
C90993,153.12,4,1,1,Medium Value
C91029,2131.48,4,1,0,Low Value
C91099,1025.3,2,1,1,Medium Value
C91103,1023.44,4,1,0,Low Value
C91123,1202.24,4,1,0,Low Value
C91155,704.8199999999999,6,2,2,High Value
C91201,93.0,2,1,1,Medium Value
C91245,675.33,3,1,1,Medium Value
C91255,851.1,5,1,0,Low Value
C91454,557.76,2,1,1,Medium Value
C91486,268.32,4,1,1,Medium Value
C91518,759.1500000000001,3,1,1,Medium Value
C91582,1949.79,3,1,0,Low Value
C91591,2609.92,4,1,0,Low Value
C91805,1819.23,3,1,0,Low Value
C91941,1188.0,3,1,0,Low Value
C92049,2666.08,4,1,0,Low Value
C92086,749.2,2,1,1,Medium Value
C92180,977.8,2,1,1,Medium Value
C92294,1225.4,4,1,0,Low Value
C92407,1672.23,3,1,0,Low Value
C92548,1132.25,5,1,0,Low Value
C92575,2464.7,5,1,0,Low Value
C92788,243.71,1,1,1,Medium Value
C93007,465.66,2,1,1,Medium Value
C93175,58.76,4,1,1,Medium Value
C93220,730.34,2,1,1,Medium Value
C93276,1652.25,5,1,0,Low Value
C93309,1821.4,5,1,0,Low Value
C93375,446.16,3,1,1,Medium Value
C93379,128.85,3,1,1,Medium Value
C93467,2219.32,4,1,0,Low Value
C93473,3196.85,5,1,0,Low Value
C93618,603.63,3,1,1,Medium Value
C93768,972.9000000000001,3,1,1,Medium Value
C93821,1075.44,3,1,1,Medium Value
C93861,147.42,3,1,1,Medium Value
C93948,336.87,3,1,1,Medium Value
C94037,510.28,2,1,1,Medium Value
C94248,64.66,1,1,1,Medium Value
C94257,1394.38,2,1,1,Medium Value
C94311,2740.8,4,1,0,Low Value
C94323,379.05,5,1,0,Low Value
C94381,1216.08,2,1,1,Medium Value
C94479,314.05,5,1,0,Low Value
C94508,176.28,4,1,1,Medium Value
C94568,1939.4,4,1,0,Low Value
C94569,1675.3500000000001,3,2,2,High Value
C94595,247.64,4,1,1,Medium Value
C94658,886.44,2,1,1,Medium Value
C94671,167.15,1,1,1,Medium Value
C94698,586.62,1,1,1,Medium Value
C94921,438.2,2,1,1,Medium Value
C95100,627.2,1,1,1,Medium Value
C95213,1806.72,3,1,0,Low Value
C95269,389.7,2,1,1,Medium Value
C95271,927.6600000000001,3,1,1,Medium Value
C95568,973.4100000000001,3,1,1,Medium Value
C95623,1870.02,3,1,0,Low Value
C95643,2426.28,4,1,0,Low Value
C95667,463.08,4,1,0,Low Value
C95856,1279.76,2,1,1,Medium Value
C95901,1993.38,3,1,0,Low Value
C95984,1033.2,3,1,1,Medium Value
C96034,121.08,4,1,1,Medium Value
C96136,1946.1,5,1,0,Low Value
C96257,1803.0,4,1,0,Low Value
C96261,970.74,2,1,1,Medium Value
C96283,924.03,3,1,1,Medium Value
C96434,2536.2,4,1,0,Low Value
C96494,179.22,1,1,1,Medium Value
C96583,139.36,4,1,1,Medium Value
C96595,1719.66,3,1,0,Low Value
C96636,39.56,1,1,1,Medium Value
C96664,769.3799999999999,3,1,1,Medium Value
C96695,564.86,1,1,1,Medium Value
C96787,1066.04,2,1,1,Medium Value
C96822,989.56,2,1,1,Medium Value
C97148,1135.16,4,1,0,Low Value
C97187,670.54,1,1,1,Medium Value
C97218,2300.7,5,1,0,Low Value
C97262,1724.04,4,1,0,Low Value
C97454,698.8,2,1,1,Medium Value
C97485,915.64,4,1,0,Low Value
C97593,2855.2200000000003,5,2,2,High Value
C97603,2373.08,4,1,0,Low Value
C97643,2051.0,4,1,0,Low Value
C97681,2166.3,5,1,0,Low Value
C97715,727.82,2,1,1,Medium Value
C97735,408.5,5,1,0,Low Value
C97749,1026.06,3,1,1,Medium Value
C97774,1807.88,4,1,0,Low Value
C97907,1758.63,3,1,0,Low Value
C98096,635.54,2,1,1,Medium Value
C98168,2103.5,5,1,0,Low Value
C98216,2463.75,5,1,0,Low Value
C98276,14.06,1,1,1,Medium Value
C98278,1241.49,3,1,0,Low Value
C98317,2786.84,4,1,0,Low Value
C98332,1316.67,3,1,0,Low Value
C98354,151.02,3,1,1,Medium Value
C98450,357.64,4,1,1,Medium Value
C98474,2175.34,6,2,2,High Value
C98483,110.7,5,1,0,Low Value
C98635,538.68,1,1,1,Medium Value
C98761,1994.04,4,1,0,Low Value
C99023,1371.8,4,1,0,Low Value
C99024,684.65,1,1,1,Medium Value
C99050,1201.14,2,1,1,Medium Value
C99116,2746.44,4,1,0,Low Value
C99128,138.33,3,1,1,Medium Value
C99173,1070.52,3,1,1,Medium Value
C99205,1024.66,2,1,1,Medium Value
C99214,97.85999999999999,3,1,1,Medium Value
C99217,1435.65,5,1,0,Low Value
C99271,226.58,2,1,1,Medium Value
C99533,678.01,1,1,1,Medium Value
C99589,641.39,1,1,1,Medium Value
C99683,1663.2,5,1,0,Low Value
C99775,1654.84,4,1,0,Low Value
C99879,821.8799999999999,3,1,1,Medium Value
C99904,646.74,2,1,1,Medium Value
